URL,Title,Local Identifier,Date,Person 1,Person 2,Person 3,Person 4,Person 5,Place
https://calisphere.org/item/ark:/86086/n2gx48qv,"Fans getting ready to sing, Pittcon",pittcon_1960_a1-1-n,1960,,,,,,Pittsburgh (Pa.)
https://calisphere.org/item/ark:/86086/n2c53j0v,"Singing fans, Pittcon",pittcon_1960_a1-2-n,1960,,,,,,Pittsburgh (Pa.)
https://calisphere.org/item/ark:/86086/n27d2s84,"Audience for singing fans, Pittcon",pittcon_1960_a1-3-n,1960,,,,,,Pittsburgh (Pa.)
https://calisphere.org/item/ark:/86086/n23n21js,"Fan audience, Pittcon",pittcon_1960_a1-4-n,1960,,,,,,Pittsburgh (Pa.)
https://calisphere.org/item/ark:/86086/n2000073,"Setting up for the Hugos, Pittcon",pittcon_1960_a1-5-n,1960,,,,,,Pittsburgh (Pa.)
https://calisphere.org/item/ark:/86086/n2v69grv,"Hugo setup, Pittcon",pittcon_1960_a1-6-n,1960,,,,,,Pittsburgh (Pa.)
https://calisphere.org/item/ark:/86086/n2qf8r1j,"Hugo audience, Pittcon",pittcon_1960_a2-1-n,1960,,,,,,Pittsburgh (Pa.)
https://calisphere.org/item/ark:/86086/n2fx77kg,"Film commentator, Pittcon",pittcon_1960_a2-2-n,1960,,,,,,Pittsburgh (Pa.)
https://calisphere.org/item/ark:/86086/n2b56gv2,"Chess game, Pittcon",pittcon_1960_a2-3-n,1960,,,,,,Pittsburgh (Pa.)
https://calisphere.org/item/ark:/86086/n26d5r4r,"Seattle Bid Booth, Pittcon",pittcon_1960_a2-4-n,1960,,,,,,Pittsburgh (Pa.)
https://calisphere.org/item/ark:/86086/n2kp8096,"Waiting to go into the Hugos, Pittcon",pittcon_1960_a2-5-n,1960,,,,,,Pittsburgh (Pa.)
https://calisphere.org/item/ark:/86086/n2z036br,"Conversation on stage, Pittcon",pittcon_1960_a3-1-n,1960,,,,,,Pittsburgh (Pa.)
https://calisphere.org/item/ark:/86086/n2t72fm1,"Bathrobe parade, Pittcon",pittcon_1960_a3-2-n,1960,,,,,,Pittsburgh (Pa.)
https://calisphere.org/item/ark:/86086/n2pg1pw9,"Richard Lupoff, Argosy distribution, Pittcon",pittcon_1960_a3-3-n,1960,"Lupoff, Richard A., 1935-",,,,,Pittsburgh (Pa.)
https://calisphere.org/item/ark:/86086/n2jq0z50,"Richard Lupoff, Argosy distribution, Pittcon",pittcon_1960_a3-4-n,1960,"Lupoff, Richard A., 1935-",,,,,Pittsburgh (Pa.)
https://calisphere.org/item/ark:/86086/n2dz06fn,"Hugo audience, Pittcon",pittcon_1960_a3-5-n,1960,,,,,,Pittsburgh (Pa.)
https://calisphere.org/item/ark:/86086/n2959fqp,"Hugo audience, Pittcon",pittcon_1960_a3-6-n,1960,,,,,,Pittsburgh (Pa.)
https://calisphere.org/item/ark:/86086/n25h7ddp,"Hugo audience, Pittcon",pittcon_1960_a4-1-n,1960,,,,,,Pittsburgh (Pa.)
https://calisphere.org/item/ark:/86086/n21r6npz,"Hugo audience, Pittcon",pittcon_1960_a4-2-n,1960,,,,,,Pittsburgh (Pa.)
https://calisphere.org/item/ark:/86086/n2x0656c,"Hugo audience, Pittcon",pittcon_1960_a4-3-n,1960,,,,,,Pittsburgh (Pa.)
https://calisphere.org/item/ark:/86086/n2s75dgn,"Hugo audience, Pittcon",pittcon_1960_a4-4-n,1960,,,,,,Pittsburgh (Pa.)
https://calisphere.org/item/ark:/86086/n2ng4nrx,"Hugo audience, Pittcon",pittcon_1960_a4-5-n,1960,,,,,,Pittsburgh (Pa.)
https://calisphere.org/item/ark:/86086/n2hq3x22,"Hugo audience, Pittcon",pittcon_1960_a4-6-n,1960,,,,,,Pittsburgh (Pa.)
https://calisphere.org/item/ark:/86086/n2cz35bq,"Hugo audience, Pittcon",pittcon_1960_a5-1-n,1960,,,,,,Pittsburgh (Pa.)
https://calisphere.org/item/ark:/86086/n289140k,"Hugo audience, Pittcon",pittcon_1960_a5-2-n,1960,,,,,,Pittsburgh (Pa.)
https://calisphere.org/item/ark:/86086/n24j0c8v,"Award Presentation, Pittcon",pittcon_1960_a5-3-n,1960,,,,,,Pittsburgh (Pa.)
https://calisphere.org/item/ark:/86086/n20r9mjk,"Waiting for award, Pittcon",pittcon_1960_a5-4-n,1960,,,,,,Pittsburgh (Pa.)
https://calisphere.org/item/ark:/86086/n2w09420,"Presentation podium, Pittcon",pittcon_1960_a5-5-n,1960,,,,,,Pittsburgh (Pa.)
https://calisphere.org/item/ark:/86086/n2r78cb8,"Film room, Pittcon",pittcon_1960_a5-6-n,1960,,,,,,Pittsburgh (Pa.)
https://calisphere.org/item/ark:/86086/n2mg7mn0,"Audience for panel, Pittcon",pittcon_1960_a6-1-n,1960,,,,,,Pittsburgh (Pa.)
https://calisphere.org/item/ark:/86086/n2gq6vx8,"Presentation podium, Pittcon",pittcon_1960_a6-2-n,1960,,,,,,Pittsburgh (Pa.)
https://calisphere.org/item/ark:/86086/n2c24tk4,"After Hugo panel, Pittcon",pittcon_1960_a6-3-n,1960,,,,,,Pittsburgh (Pa.)
https://calisphere.org/item/ark:/86086/n27942vs,"After Hugo panel, Pittcon",pittcon_1960_a6-4-n,1960,,,,,,Pittsburgh (Pa.)
https://calisphere.org/item/ark:/86086/n23j3b4g,"After Hugo panel, Pittcon",pittcon_1960_a6-5-n,1960,,,,,,Pittsburgh (Pa.)
https://calisphere.org/item/ark:/86086/n2zs2tns,"After Hugo panel, Pittcon",pittcon_1960_a6-6-n,1960,,,,,,Pittsburgh (Pa.)
https://calisphere.org/item/ark:/86086/n2v122xr,Packing for Pittcon,pittcon_1960_b1-1-n,1960,,,,,,Pittsburgh (Pa.)
https://calisphere.org/item/ark:/86086/n2q81b7w,Packing for Pittcon,pittcon_1960_b1-2-n,1960,,,,,,Pittsburgh (Pa.)
https://calisphere.org/item/ark:/86086/n2kk98xx,Packing for Pittcon,pittcon_1960_b1-3-n,1960,,,,,,Pittsburgh (Pa.)
https://calisphere.org/item/ark:/86086/n2ft8j6m,Packing for Pittcon,pittcon_1960_b1-4-n,1960,,,,,,Pittsburgh (Pa.)
https://calisphere.org/item/ark:/86086/n2b27sg6,Packing for Pittcon,pittcon_1960_b1-5-n,1960,,,,,,Pittsburgh (Pa.)
https://calisphere.org/item/ark:/86086/n26971rv,"Arrival at hotel, Pittcon",pittcon_1960_b1-6-n,1960,,,,,,Pittsburgh (Pa.)
https://calisphere.org/item/ark:/86086/n22j691j,"Setting up the convention, Pittcon",pittcon_1960_b2-1-n,1960,,,,,,Pittsburgh (Pa.)
https://calisphere.org/item/ark:/86086/n2xs5sjv,"Setting up the convention, Pittcon",pittcon_1960_b2-2-n,1960,,,,,,Pittsburgh (Pa.)
https://calisphere.org/item/ark:/86086/n2t151tt,"Setting up the convention, Pittcon",pittcon_1960_b2-3-n,1960,,,,,,Pittsburgh (Pa.)
https://calisphere.org/item/ark:/86086/n2pc30ht,"Setting up the convention, Pittcon",pittcon_1960_b2-4-n,1960,,,,,,Pittsburgh (Pa.)
https://calisphere.org/item/ark:/86086/n2jm27s3,"Setting up the convention, Pittcon",pittcon_1960_b2-5-n,1960,,,,,,Pittsburgh (Pa.)
https://calisphere.org/item/ark:/86086/n2dv1h2s,"Setting up the convention, Pittcon",pittcon_1960_b2-6-n,1960,,,,,,Pittsburgh (Pa.)
https://calisphere.org/item/ark:/86086/n2930rbc,"Waiting for registration to open, Pittcon",pittcon_1960_b3-1-n,1960,,,,,,Pittsburgh (Pa.)
https://calisphere.org/item/ark:/86086/n25b00m1,"Waiting for registration to open, Pittcon",pittcon_1960_b3-2-n,1960,,,,,,Pittsburgh (Pa.)
https://calisphere.org/item/ark:/86086/n21j97wr,"Registration opens, Pittcon",pittcon_1960_b3-3-n,1960,,,,,,Pittsburgh (Pa.)
https://calisphere.org/item/ark:/86086/n2ws8rdg,"Waiting to register, Pittcon",pittcon_1960_b3-4-n,1960,,,,,,Pittsburgh (Pa.)
https://calisphere.org/item/ark:/86086/n2s46q3s,"Registered members, Pittcon",pittcon_1960_b3-5-n,1960,,,,,,Pittsburgh (Pa.)
https://calisphere.org/item/ark:/86086/n2nc5zc2,"Woman on telephone, Pittcon",pittcon_1960_b3-6-n,1960,,,,,,Pittsburgh (Pa.)
https://calisphere.org/item/ark:/86086/n2hm56m8,"Waiting for registration, Pittcon",pittcon_1960_b4-1-n,1960,,,,,,Pittsburgh (Pa.)
https://calisphere.org/item/ark:/86086/n2cv4fwj,"Waiting for registration, Pittcon",pittcon_1960_b4-2-n,1960,,,,,,Pittsburgh (Pa.)
https://calisphere.org/item/ark:/86086/n2833q5j,"Party scene, Pittcon",pittcon_1960_c1-1-n,1960,,,,,,Pittsburgh (Pa.)
https://calisphere.org/item/ark:/86086/n24b2zft,"Party scene, Pittcon",pittcon_1960_c1-2-n,1960,,,,,,Pittsburgh (Pa.)
https://calisphere.org/item/ark:/86086/n20k26qg,"Party scene, Pittcon",pittcon_1960_c1-3-n,1960,,,,,,Pittsburgh (Pa.)
https://calisphere.org/item/ark:/86086/n2vx0dpz,"Party scene, Pittcon",pittcon_1960_c1-4-n,1960,,,,,,Pittsburgh (Pa.)
https://calisphere.org/item/ark:/86086/n2r49nz0,"Party scene, Pittcon",pittcon_1960_c1-5-n,1960,,,,,,Pittsburgh (Pa.)
https://calisphere.org/item/ark:/86086/n2mc8x67,"Party scene, Pittcon",pittcon_1960_c1-6-n,1960,,,,,,Pittsburgh (Pa.)
https://calisphere.org/item/ark:/86086/n2gm85gw,"Party scene, Pittcon",pittcon_1960_c2-1-n,1960,,,,,,Pittsburgh (Pa.)
https://calisphere.org/item/ark:/86086/n2bv7dr5,"Party scene, Pittcon",pittcon_1960_c2-2-n,1960,,,,,,Pittsburgh (Pa.)
https://calisphere.org/item/ark:/86086/n2736p15,"Party scene, Pittcon",pittcon_1960_c2-3-n,1960,,,,,,Pittsburgh (Pa.)
https://calisphere.org/item/ark:/86086/n23b5x9f,"Party scene, Pittcon",pittcon_1960_c2-4-n,1960,,,,,,Pittsburgh (Pa.)
https://calisphere.org/item/ark:/86086/n2zp4489,"Party scene, Pittcon",pittcon_1960_c2-5-n,1960,,,,,,Pittsburgh (Pa.)
https://calisphere.org/item/ark:/86086/n2tx3cjk,"At the bar, Pittcon",pittcon_1960_c2-6-n,1960,,,,,,Pittsburgh (Pa.)
https://calisphere.org/item/ark:/86086/n2q52msq,"Party scene, Pittcon",pittcon_1960_c3-1-n,1960,,,,,,Pittsburgh (Pa.)
https://calisphere.org/item/ark:/86086/n2kd1w2d,"Party scene, Pittcon",pittcon_1960_c3-2-n,1960,,,,,,Pittsburgh (Pa.)
https://calisphere.org/item/ark:/86086/n2fn14b2,"Party scene, Pittcon",pittcon_1960_c3-3-n,1960,,,,,,Pittsburgh (Pa.)
https://calisphere.org/item/ark:/86086/n29w0cmb,"Party scene, Pittcon",pittcon_1960_c3-4-n,1960,,,,,,Pittsburgh (Pa.)
https://calisphere.org/item/ark:/86086/n2639mwc,"Party scene, Pittcon",pittcon_1960_c3-5-n,1960,,,,,,Pittsburgh (Pa.)
https://calisphere.org/item/ark:/86086/n22f7kkc,"Party scene, Pittcon",pittcon_1960_c3-6-n,1960,"De Camp, L. Sprague (Lyon Sprague), 1907-2000",,,,,Pittsburgh (Pa.)
https://calisphere.org/item/ark:/86086/n2xp733g,"Party scene, Pittcon",pittcon_1960_c4-1-n,1960,,,,,,Pittsburgh (Pa.)
https://calisphere.org/item/ark:/86086/n2sx6bcr,"Party, Pittcon",pittcon_1960_d1-1-n,1960,,,,,,Pittsburgh (Pa.)
https://calisphere.org/item/ark:/86086/n2p55knb,"Hall party, Pittcon",pittcon_1960_d1-2-n,1960,,,,,,Pittsburgh (Pa.)
https://calisphere.org/item/ark:/86086/n2jd4txm,"Cutting into the cake, Pittcon",pittcon_1960_d1-3-n,1960,"Dinkleman, Ann",,,,,Pittsburgh (Pa.)
https://calisphere.org/item/ark:/86086/n2dn436p,"Party scene, Pittcon",pittcon_1960_d1-4-n,1960,"Dinkleman, Ann",,,,,Pittsburgh (Pa.)
https://calisphere.org/item/ark:/86086/n28w3bgz,"Party scene, Pittcon",pittcon_1960_d1-5-n,1960,"Dinkleman, Ann",,,,,Pittsburgh (Pa.)
https://calisphere.org/item/ark:/86086/n2571958,"Party scene, Pittcon",pittcon_1960_d2-1-n,1960,,,,,,Pittsburgh (Pa.)
https://calisphere.org/item/ark:/86086/n21g0jfj,"Party scene, Pittcon",pittcon_1960_d2-2-n,1960,,,,,,Pittsburgh (Pa.)
https://calisphere.org/item/ark:/86086/n2wq01z7,"Panel, Pittcon",pittcon_1960_d2-3-n,1960,,,,,,Pittsburgh (Pa.)
https://calisphere.org/item/ark:/86086/n2rx997c,"Panel audience, Pittcon",pittcon_1960_d2-4-n,1960,,,,,,Pittsburgh (Pa.)
https://calisphere.org/item/ark:/86086/n2n58jhz,"Party scene, Pittcon",pittcon_1960_d2-5-n,1960,,,,,,Pittsburgh (Pa.)
https://calisphere.org/item/ark:/86086/n2hd7stp,"Resting fans, Pittcon",pittcon_1960_d3-1-n,1960,,,,,,Pittsburgh (Pa.)
https://calisphere.org/item/ark:/86086/n2cn723r,"Resting fans, Pittcon",pittcon_1960_d3-2-n,1960,,,,,,Pittsburgh (Pa.)
https://calisphere.org/item/ark:/86086/n28050r6,"Outside Hugo banquet, Pittcon",pittcon_1960_e1-1-n,1960,,,,,,Pittsburgh (Pa.)
https://calisphere.org/item/ark:/86086/n20g3h95,"Hugo portrait, Pittcon",pittcon_1960_e1-4-n,1960,,,,,,Pittsburgh (Pa.)
https://calisphere.org/item/ark:/86086/n2vq30tv,"Audience at Hugo awards, Pittcon",pittcon_1960_e1-5-n,1960,,,,,,Pittsburgh (Pa.)
https://calisphere.org/item/ark:/86086/n2qz283j,"Audience at Hugo awards, Pittcon",pittcon_1960_e1-6-n,1960,,,,,,Pittsburgh (Pa.)
https://calisphere.org/item/ark:/86086/n2m61hdk,"Panel audience, Pittcon",pittcon_1960_e2-1-n,1960,,,,,,Pittsburgh (Pa.)
https://calisphere.org/item/ark:/86086/n2gf0rpv,"Art show, Pittcon",pittcon_1960_e2-2-n,1960,,,,,,Pittsburgh (Pa.)
https://calisphere.org/item/ark:/86086/n2br8qbv,"Art show, Pittcon",pittcon_1960_e2-3-n,1960,,,,,,Pittsburgh (Pa.)
https://calisphere.org/item/ark:/86086/n2707zmf,"Art show, Pittcon",pittcon_1960_e2-4-n,1960,,,,,,Pittsburgh (Pa.)
https://calisphere.org/item/ark:/86086/n23776w3,"Art show, Pittcon",pittcon_1960_e2-5-n,1960,,,,,,Pittsburgh (Pa.)
https://calisphere.org/item/ark:/86086/n2zg6qdt,"Game room, Pittcon",pittcon_1960_e2-6-n,1960,,,,,,Pittsburgh (Pa.)
https://calisphere.org/item/ark:/86086/n2tq5zp3,"Fans conversing, Pittcon",pittcon_1960_e3-1-n,1960,,,,,,Pittsburgh (Pa.)
https://calisphere.org/item/ark:/86086/n2pz570m,"Fans conversing, Pittcon",pittcon_1960_e3-2-n,1960,,,,,,Pittsburgh (Pa.)
https://calisphere.org/item/ark:/86086/n2k935ph,"Isaac Asimov and fans conversing, Pittcon",pittcon_1960_e3-3-n,1960,"Asimov, Isaac, 1920-1992",,,,,Pittsburgh (Pa.)
https://calisphere.org/item/ark:/86086/n2fj2dzs,"Fans conversing, Pittcon",pittcon_1960_e3-4-n,1960,,,,,,Pittsburgh (Pa.)
https://calisphere.org/item/ark:/86086/n29s1p7g,"Microphone setup, Pittcon",pittcon_1960_e3-5-n,1960,,,,,,Pittsburgh (Pa.)
https://calisphere.org/item/ark:/86086/n2610xh2,"Film room setup, Pittcon",pittcon_1960_e3-6-n,1960,,,,,,Pittsburgh (Pa.)
https://calisphere.org/item/ark:/86086/n22805sq,"Fans conversing, Pittcon",pittcon_1960_e4-1-n,1960,,,,,,Pittsburgh (Pa.)
https://calisphere.org/item/ark:/86086/n2xg9p9w,"Fans conversing, Pittcon",pittcon_1960_e4-2-n,1960,,,,,,Pittsburgh (Pa.)
https://calisphere.org/item/ark:/86086/n2sq8xk5,"Fans conversing, Pittcon",pittcon_1960_e4-3-n,1960,,,,,,Pittsburgh (Pa.)
https://calisphere.org/item/ark:/86086/n2p26w8g,"Art auction cartoon panels, Pittcon",pittcon_1960_e4-4-n,1960,,,,,,Pittsburgh (Pa.)
https://calisphere.org/item/ark:/86086/n2j964j4,"Audience for art auction, Pittcon",pittcon_1960_e4-5-n,1960,,,,,,Pittsburgh (Pa.)
https://calisphere.org/item/ark:/86086/n2dj5ctd,"Art auction art piece, Pittcon",pittcon_1960_e4-6-n,1960,,,,,,Pittsburgh (Pa.)
https://calisphere.org/item/ark:/86086/n28s4n33,"Art auction audience, Pittcon",pittcon_1960_e5-1-n,1960,,,,,,Pittsburgh (Pa.)
https://calisphere.org/item/ark:/86086/n2513wcp,"Art auction framed piece, Pittcon",pittcon_1960_e5-2-n,1960,,,,,,Pittsburgh (Pa.)
https://calisphere.org/item/ark:/86086/n21834nb,"Fans at dinner, Pittcon",pittcon_1960_e5-3-n,1960,,,,,,Pittsburgh (Pa.)
https://calisphere.org/item/ark:/86086/n2wh2n52,"Fans going into banquet room, Pittcon",pittcon_1960_e5-4-n,1960,,,,,,Pittsburgh (Pa.)
https://calisphere.org/item/ark:/86086/n2rv0kvn,"Forrest J Ackerman in conversation, Pittcon",pittcon_1960_e5-5-n,1960,"Ackerman, Forrest J.",,,,,Pittsburgh (Pa.)
https://calisphere.org/item/ark:/86086/n2n29v43,"Dealers room, Pittcon",pittcon_1960_e5-6-n,1960,,,,,,Pittsburgh (Pa.)
https://calisphere.org/item/ark:/86086/n2h993c9,"Fans at registration, Pittcon",pittcon_1960_e6-1-n,1960,,,,,,Pittsburgh (Pa.)
https://calisphere.org/item/ark:/86086/n2cj8bnk,"Entering elevators, Pittcon",pittcon_1960_e6-2-n,1960,,,,,,Pittsburgh (Pa.)
https://calisphere.org/item/ark:/86086/n27s7kxv,"Bjo Trimble at dealers room, Pittcon",pittcon_1960_e6-3-n,1960,"Trimble, Bjo",,,,,Pittsburgh (Pa.)
https://calisphere.org/item/ark:/86086/n2416v6v,"At bar, Pittcon",pittcon_1960_e6-4-n,1960,,,,,,Pittsburgh (Pa.)
https://calisphere.org/item/ark:/86086/n20863gh,"At bar, Pittcon",pittcon_1960_e6-5-n,1960,,,,,,Pittsburgh (Pa.)
https://calisphere.org/item/ark:/86086/n2vm49f0,"Avram Davidson at bar, Pittcon",pittcon_1960_e6-6-n,1960,"Davidson, Avram",,,,,Pittsburgh (Pa.)
https://calisphere.org/item/ark:/86086/n2qv3jq8,"At bar, Pittcon",pittcon_1960_e6-7-n,1960,,,,,,Pittsburgh (Pa.)
https://calisphere.org/item/ark:/86086/n2m32szd,"Hotel room, Pittcon",pittcon_1960_f1-1-n,1960,,,,,,Pittsburgh (Pa.)
https://calisphere.org/item/ark:/86086/n2gb227g,"Hotel room with photographer, Pittcon",pittcon_1960_f1-2-n,1960,,,,,,Pittsburgh (Pa.)
https://calisphere.org/item/ark:/86086/n2bk19hr,"Hotel room with occupant, Pittcon",pittcon_1960_f1-3-n,1960,,,,,,Pittsburgh (Pa.)
https://calisphere.org/item/ark:/86086/n26t0js1,"At the bar, Pittcon",pittcon_1960_f1-4-n,1960,,,,,,Pittsburgh (Pa.)
https://calisphere.org/item/ark:/86086/n2319t2g,"Fans dining, Pittcon",pittcon_1960_f1-5-n,1960,,,,,,Pittsburgh (Pa.)
https://calisphere.org/item/ark:/86086/n2zc811b,"Fans at table with overstock, Pittcon",pittcon_1960_f1-6-n,1960,,,,,,Pittsburgh (Pa.)
https://calisphere.org/item/ark:/86086/n2tm789m,"Fans conversing, Pittcon",pittcon_1960_f2-1-n,1960,,,,,,Pittsburgh (Pa.)
https://calisphere.org/item/ark:/86086/n2pv6hjf,"Fans conversing, Pittcon",pittcon_1960_f2-2-n,1960,,,,,,Pittsburgh (Pa.)
https://calisphere.org/item/ark:/86086/n2k35rt1,"Fans lying down after the party, Pittcon",pittcon_1960_f2-3-n,1960,,,,,,Pittsburgh (Pa.)
https://calisphere.org/item/ark:/86086/n2fb5133,"Fans lying down after the party, Pittcon",pittcon_1960_f2-4-n,1960,,,,,,Pittsburgh (Pa.)
https://calisphere.org/item/ark:/86086/n29k48cc,"Writing up the con, Pittcon",pittcon_1960_f2-5-n,1960,,,,,,Pittsburgh (Pa.)
https://calisphere.org/item/ark:/86086/n25t3hnn,"Fans lying down after the party, Pittcon",pittcon_1960_f2-6-n,1960,,,,,,Pittsburgh (Pa.)
https://calisphere.org/item/ark:/86086/n2251gbz,"Fans at table, Pittcon",pittcon_1960_f3-1-n,1960,,,,,,Pittsburgh (Pa.)
https://calisphere.org/item/ark:/86086/n2xd0zv8,"Dealers room, Pittcon",pittcon_1960_f3-2-n,1960,,,,,,Pittsburgh (Pa.)
https://calisphere.org/item/ark:/86086/n2sn074b,"Dealers room, Pittcon",pittcon_1960_f3-3-n,1960,,,,,,Pittsburgh (Pa.)
https://calisphere.org/item/ark:/86086/n2nv9gd2,"Dealers room, Pittcon",pittcon_1960_f3-4-n,1960,,,,,,Pittsburgh (Pa.)
https://calisphere.org/item/ark:/86086/n2j38qpn,"Publishers table, Pittcon",pittcon_1960_f3-5-n,1960,,,,,,Pittsburgh (Pa.)
https://calisphere.org/item/ark:/86086/n2db7zzx,"Publishers table, Pittcon",pittcon_1960_f3-6-n,1960,,,,,,Pittsburgh (Pa.)
https://calisphere.org/item/ark:/86086/n28k7770,"Publishers table, Pittcon",pittcon_1960_f4-1-n,1960,,,,,,Pittsburgh (Pa.)
https://calisphere.org/item/ark:/86086/n24x55z1,"Fans, Pittcon",pittcon_1960_f4-2-n,1960,,,,,,Pittsburgh (Pa.)
https://calisphere.org/item/ark:/86086/n2154f71,"Fans at rest, Pittcon",pittcon_1960_f4-3-n,1960,,,,,,Pittsburgh (Pa.)
https://calisphere.org/item/ark:/86086/n2wd3xrb,"Fans at rest, Pittcon",pittcon_1960_f4-4-n,1960,,,,,,Pittsburgh (Pa.)
https://calisphere.org/item/ark:/86086/n2rn361d,"Fans not facing the issue, Pittcon",pittcon_1960_f4-5-n,1960,,,,,,Pittsburgh (Pa.)
https://calisphere.org/item/ark:/86086/n2mw2f9p,"At the bar, Pittcon",pittcon_1960_f4-6-n,1960,,,,,,Pittsburgh (Pa.)
https://calisphere.org/item/ark:/86086/n2h41pk8,"Party, Pittcon",pittcon_1960_f5-1-n,1960,,,,,,Pittsburgh (Pa.)
https://calisphere.org/item/ark:/86086/n2cc0xvj,"Fan, Pittcon",pittcon_1960_f5-2-n,1960,,,,,,Pittsburgh (Pa.)
https://calisphere.org/item/ark:/86086/n27p8wj0,"Auction, Pittcon",pittcon_1960_f5-3-n,1960,,,,,,Pittsburgh (Pa.)
https://calisphere.org/item/ark:/86086/n23x84tn,"Ed Emshwiller, prominent fan, Pittcon",pittcon_1960_f5-4-n,1960,"Emshwiller, Ed",,,,,Pittsburgh (Pa.)
https://calisphere.org/item/ark:/86086/n2057d3n,"Post-masquerade party, Pittcon",pittcon_1960_f6-1-n,1960,,,,,,Pittsburgh (Pa.)
https://calisphere.org/item/ark:/86086/n2vd6wmz,"Post-masquerade party, Pittcon",pittcon_1960_f6-2-n,1960,,,,,,Pittsburgh (Pa.)
https://calisphere.org/item/ark:/86086/n2qn64wm,"Post-masquerade party, Pittcon",pittcon_1960_f6-3-n,1960,,,,,,Pittsburgh (Pa.)
https://calisphere.org/item/ark:/86086/n2kw5d6r,"Fans in room after party, Pittcon",pittcon_1960_f6-4-n,1960,,,,,,Pittsburgh (Pa.)
https://calisphere.org/item/ark:/86086/n2g44ngb,"Fans in room after party, Pittcon",pittcon_1960_f6-5-n,1960,,,,,,Pittsburgh (Pa.)
https://calisphere.org/item/ark:/86086/n2bg2m4w,"Willy Ley before talk, Pittcon",pittcon_1960_g1-1-n,1960,"Ley, Willy, 1906-1969",,,,,Pittsburgh (Pa.)
https://calisphere.org/item/ark:/86086/n26q1vd5,"Willy Ley before talk, Pittcon",pittcon_1960_g1-2-n,1960,"Ley, Willy, 1906-1969",,,,,Pittsburgh (Pa.)
https://calisphere.org/item/ark:/86086/n22z13pt,"Willy Ley talk, Pittcon",pittcon_1960_g1-3-n,1960,,,,,,Pittsburgh (Pa.)
https://calisphere.org/item/ark:/86086/n2z60m6v,"Willy Ley talk, Pittcon",pittcon_1960_g1-4-n,1960,,,,,,Pittsburgh (Pa.)
https://calisphere.org/item/ark:/86086/n2td9vgk,"Photo center, Pittcon",pittcon_1960_g1-5-n,1960,,,,,,Pittsburgh (Pa.)
https://calisphere.org/item/ark:/86086/n2pn93sp,"Registration, Pittcon",pittcon_1960_g1-6-n,1960,,,,,,Pittsburgh (Pa.)
https://calisphere.org/item/ark:/86086/n2jw8c2c,"E. E. (Doc) Smith arriving, Pittcon",pittcon_1960_g2-1-n,1960,"Smith, E. E. (Edward Elmer), 1890-1965",,,,,Pittsburgh (Pa.)
https://calisphere.org/item/ark:/86086/n2f769qt,"Waiting for arrivals, Pittcon",pittcon_1960_g2-2-n,1960,,,,,,Pittsburgh (Pa.)
https://calisphere.org/item/ark:/86086/n29g5k0h,"John W. Campbell in conversation, Pittcon",pittcon_1960_g2-3-n,1960,"Campbell, John W., Jr. (John Wood), 1910-1971",,,,,Pittsburgh (Pa.)
https://calisphere.org/item/ark:/86086/n25q4t8s,"At the bar, Pittcon",pittcon_1960_g2-4-n,1960,,,,,,Pittsburgh (Pa.)
https://calisphere.org/item/ark:/86086/n21z42kw,"Conversation at registration, Pittcon",pittcon_1960_g2-5-n,1960,,,,,,Pittsburgh (Pa.)
https://calisphere.org/item/ark:/86086/n2x63k3x,"Conversation at registration, Pittcon",pittcon_1960_g2-6-n,1960,,,,,,Pittsburgh (Pa.)
https://calisphere.org/item/ark:/86086/n2sf2tc6,"Robert Heinlein and E.E. (Doc) Smith panel, Pittcon",pittcon_1960_g3-1-n,1960,"Heinlein, Robert A. (Robert Anson), 1907-1988","Smith, E. E. (Edward Elmer), 1890-1965",,,,Pittsburgh (Pa.)
https://calisphere.org/item/ark:/86086/n2ns0s1r,"Panel audience, Pittcon",pittcon_1960_g3-2-n,1960,,,,,,Pittsburgh (Pa.)
https://calisphere.org/item/ark:/86086/n2j101b5,"Isaac Asimov holding forth at registration, Pittcon",pittcon_1960_g3-3-n,1960,"Asimov, Isaac, 1920-1992",,,,,Pittsburgh (Pa.)
https://calisphere.org/item/ark:/86086/n2d798mw,"H. Beam Piper conversation at registration, Pittcon",pittcon_1960_g3-4-n,1960,"Piper, H. Beam",,,,,Pittsburgh (Pa.)
https://calisphere.org/item/ark:/86086/n28g8hw5,"H. Beam Piper at dinner, Pittcon",pittcon_1960_g3-5-n,1960,"Piper, H. Beam",,,,,Pittsburgh (Pa.)
https://calisphere.org/item/ark:/86086/n24q7s5v,"Isaac Asimov still talking at registration, Pittcon",pittcon_1960_g3-6-n,1960,"Asimov, Isaac, 1920-1992",,,,,Pittsburgh (Pa.)
https://calisphere.org/item/ark:/86086/n20z71fh,"Group ready to enter panel, Pittcon",pittcon_1960_g4-1-n,1960,,,,,,Pittsburgh (Pa.)
https://calisphere.org/item/ark:/86086/n2w66hz4,"Isaac Asimov on panel, Pittcon",pittcon_1960_g4-2-n,1960,"Asimov, Isaac, 1920-1992",,,,,Pittsburgh (Pa.)
https://calisphere.org/item/ark:/86086/n2rj4gmp,"L. Sprague de Camp in conversation, Pittcon",pittcon_1960_g4-3-n,1960,"De Camp, L. Sprague (Lyon Sprague), 1907-2000",,,,,Pittsburgh (Pa.)
https://calisphere.org/item/ark:/86086/n2ms3qxd,"Hugo award portrait, Pittcon",pittcon_1960_g4-4-n,1960,,,,,,Pittsburgh (Pa.)
https://calisphere.org/item/ark:/86086/n2h1306s,"Hugo audience, Pittcon",pittcon_1960_g4-5-n,1960,,,,,,Pittsburgh (Pa.)
https://calisphere.org/item/ark:/86086/n2c827g2,"Hugo audience, Pittcon",pittcon_1960_g4-6-n,1960,,,,,,Pittsburgh (Pa.)
https://calisphere.org/item/ark:/86086/n27h1grb,"Hugo audience, Pittcon",pittcon_1960_g5-1-n,1960,,,,,,Pittsburgh (Pa.)
https://calisphere.org/item/ark:/86086/n23r0r11,"Hugo audience, Pittcon",pittcon_1960_g5-2-n,1960,,,,,,Pittsburgh (Pa.)
https://calisphere.org/item/ark:/86086/n200008j,"Hugo audience, Pittcon",pittcon_1960_g5-3-n,1960,,,,,,Pittsburgh (Pa.)
https://calisphere.org/item/ark:/86086/n2v9867g,"Hugo audience, Pittcon",pittcon_1960_g5-4-n,1960,,,,,,Pittsburgh (Pa.)
https://calisphere.org/item/ark:/86086/n2qj7fhr,"John W. Campbell Hugo Presentation panel, Pittcon",pittcon_1960_g5-6-n,1960,"Campbell, John W., Jr. (John Wood), 1910-1971",,,,,Pittsburgh (Pa.)
https://calisphere.org/item/ark:/86086/n2ks6prk,"E.E. (Doc) Smith and Robert Heinlein at the Hugos, Pittcon",pittcon_1960_g6-1-n,1960,"Smith, E. E. (Edward Elmer), 1890-1965","Heinlein, Robert A. (Robert Anson), 1907-1988",,,,Pittsburgh (Pa.)
https://calisphere.org/item/ark:/86086/n2g15z1k,"Robert Heinlein on Hugo stage, Pittcon",pittcon_1960_g6-2-n,1960,"Heinlein, Robert A. (Robert Anson), 1907-1988",,,,,Pittsburgh (Pa.)
https://calisphere.org/item/ark:/86086/n2b85697,"Robert Heinlein accepting the Hugo, Pittcon",pittcon_1960_g6-3-n,1960,"Heinlein, Robert A. (Robert Anson), 1907-1988",,,,,Pittsburgh (Pa.)
https://calisphere.org/item/ark:/86086/n26h4fkh,"Hugo audience, Pittcon",pittcon_1960_g6-4-n,1960,,,,,,Pittsburgh (Pa.)
https://calisphere.org/item/ark:/86086/n22r3pvs,"Avram Davidson speaking at Hugos, Pittcon",pittcon_1960_g6-5-n,1960,"Davidson, Avram",,,,,Pittsburgh (Pa.)
https://calisphere.org/item/ark:/86086/n2z31wtk,"F.M. Busby with Hugo award, Pittcon",pittcon_1960_g6-6-n,1960,"Busby, F. M.",,,,,Pittsburgh (Pa.)
https://calisphere.org/item/ark:/86086/n2tb153n,"Green room setup, Pittcon",pittcon_1960_h1-1-n,1960,,,,,,Pittsburgh (Pa.)
https://calisphere.org/item/ark:/86086/n2pk0dbg,"Green room setup, Pittcon",pittcon_1960_h1-2-n,1960,,,,,,Pittsburgh (Pa.)
https://calisphere.org/item/ark:/86086/n2js9nm6,"Green room setup, Pittcon",pittcon_1960_h1-3-n,1960,,,,,,Pittsburgh (Pa.)
https://calisphere.org/item/ark:/86086/n2f18wws,"Green room setup, Pittcon",pittcon_1960_h1-4-n,1960,,,,,,Pittsburgh (Pa.)
https://calisphere.org/item/ark:/86086/n298855v,"Green room setup, Pittcon",pittcon_1960_h1-5-n,1960,,,,,,Pittsburgh (Pa.)
https://calisphere.org/item/ark:/86086/n25h7df4,"Green room setup, Pittcon",pittcon_1960_h1-6-n,1960,,,,,,Pittsburgh (Pa.)
https://calisphere.org/item/ark:/86086/n21v5c44,"Green room, Pittcon",pittcon_1960_h2-1-n,1960,,,,,,Pittsburgh (Pa.)
https://calisphere.org/item/ark:/86086/n2x34vnr,"Audience at opening ceremonies, Pittcon",pittcon_1960_h2-2-n,1960,,,,,,Pittsburgh (Pa.)
https://calisphere.org/item/ark:/86086/n2sb43xd,"Getting ready to speak, Pittcon",pittcon_1960_h2-3-n,1960,,,,,,Pittsburgh (Pa.)
https://calisphere.org/item/ark:/86086/n2nk3c63,"Getting ready to speak, Pittcon",pittcon_1960_h2-4-n,1960,,,,,,Pittsburgh (Pa.)